Population,Replicate,Treatment,Species,Group,Tray,Position,Elevation,Latitude,Longitude,germ_date,transplant date,first_flower,flowering_time,hgt_first_flower,flowers_10days,time pollen collection,# flowers for pollen,successful_self,total_self,viable_pollen,total_pollen,Notes
ANR,1,C,guttatus,low,4,17,410.87,39.73686667,-123.63105,13-Jun,21-Jun,26-Jul,43,284.1,20,,2,5,5,94,100,
ANR,2,C,guttatus,low,7,11,410.87,39.73686667,-123.63105,13-Jun,21-Jun,30-Jul,47,368.2,10,,2,5,5,92,100,
ANR,3,C,guttatus,low,4,3,410.87,39.73686667,-123.63105,15-Jun,21-Jun,24-Aug,70,154.5,,,2,5,5,84,100,
ANR,4,C,guttatus,low,3,1,410.87,39.73686667,-123.63105,14-Jun,21-Jun,,,,,,,,,,,
ANR,5,C,guttatus,low,8,17,410.87,39.73686667,-123.63105,14-Jun,21-Jun,27-Jul,43,238.2,10,,,5,5,96,100,
ANR,6,C,guttatus,low,7,16,410.87,39.73686667,-123.63105,14-Jun,21-Jun,11-Aug,58,320.2,9,,,,,96,100,
ANR,7,C,guttatus,low,6,6,410.87,39.73686667,-123.63105,14-Jun,21-Jun,22-Jul,38,315.4,18,,,5,5,96,100,
ANR,8,C,guttatus,low,8,6,410.87,39.73686667,-123.63105,14-Jun,21-Jun,,,,,,,,,,,
ANR,9,C,guttatus,low,6,7,410.87,39.73686667,-123.63105,14-Jun,21-Jun,26-Jul,42,184.1,20,,,4,5,81,100,
ANR,1,H,guttatus,low,10,3,410.87,39.73686667,-123.63105,14-Jun,21-Jun,11-Aug,58,271.3,17,,2,5,5,95,100,
ANR,2,H,guttatus,low,16,10,410.87,39.73686667,-123.63105,14-Jun,21-Jun,28-Jul,44,262,12,,2,4,5,96,100,
ANR,3,H,guttatus,low,15,11,410.87,39.73686667,-123.63105,14-Jun,21-Jun,31-Jul,47,274.8,14,,2,5,5,91,100,
ANR,4,H,guttatus,low,15,7,410.87,39.73686667,-123.63105,14-Jun,21-Jun,22-Jul,38,355.2,27,,2,1,5,91,100,
ANR,5,H,guttatus,low,10,10,410.87,39.73686667,-123.63105,15-Jun,21-Jun,,,,,,,,,,,
ANR,6,H,guttatus,low,9,12,410.87,39.73686667,-123.63105,15-Jun,21-Jun,,,,,,,,,,,
ANR,7,H,guttatus,low,16,1,410.87,39.73686667,-123.63105,15-Jun,21-Jun,25-Jul,40,181.3,25,,2,2,5,68,82,
ANR,8,H,guttatus,low,15,9,410.87,39.73686667,-123.63105,15-Jun,21-Jun,,,,,,,,,,,
ANR,9,H,guttatus,low,12,3,410.87,39.73686667,-123.63105,15-Jun,21-Jun,28-Jul,43,237.9,18,,,,,,,
BAG,1,C,caespitosa,tilingii,2,5,1278.63,48.872683,-121.687583,14-Jun,21-Jun,,,,,,2,5,5,98,100,
BAG,2,C,caespitosa,tilingii,6,8,1278.63,48.872683,-121.687583,14-Jun,21-Jun,,,,,,,,,,,
BAG,3,C,caespitosa,tilingii,8,2,1278.63,48.872683,-121.687583,14-Jun,21-Jun,,,,,,,,,,,
BAG,4,C,caespitosa,tilingii,8,12,1278.63,48.872683,-121.687583,14-Jun,21-Jun,,,,,,,,,,,
BAG,5,C,caespitosa,tilingii,8,4,1278.63,48.872683,-121.687583,14-Jun,21-Jun,,,,,,,,,,,
BAG,6,C,caespitosa,tilingii,1,11,1278.63,48.872683,-121.687583,15-Jun,21-Jun,24-Jul,39,42.5,,,,,,,,
BAG,7,C,caespitosa,tilingii,1,1,1278.63,48.872683,-121.687583,15-Jun,21-Jun,3-Aug,49,41.8,1,,2,,,91,100,
BAG,8,C,caespitosa,tilingii,2,11,1278.63,48.872683,-121.687583,,3-Jul,,,,,,,,,,,
BAG,9,C,caespitosa,tilingii,2,4,1278.63,48.872683,-121.687583,15-Jun,21-Jun,,,,,,,,,,,
BAG,1,H,caespitosa,tilingii,12,17,1278.63,48.872683,-121.687583,16-Jun,21-Jun,28-Jul,42,51.3,1,,,,,,,
BAG,2,H,caespitosa,tilingii,12,15,1278.63,48.872683,-121.687583,16-Jun,21-Jun,,,,,,,,,,,
BAG,3,H,caespitosa,tilingii,14,12,1278.63,48.872683,-121.687583,,3-Jul,,,,,,,,,,,
BAG,4,H,caespitosa,tilingii,12,13,1278.63,48.872683,-121.687583,16-Jun,21-Jun,31-Aug,,21.6,2,,1,,,1,2,
BAG,5,H,caespitosa,tilingii,14,8,1278.63,48.872683,-121.687583,16-Jun,21-Jun,,,,,,,,,,,
BAG,6,H,caespitosa,tilingii,15,2,1278.63,48.872683,-121.687583,16-Jun,21-Jun,,,,,,,,,,,
BAG,7,H,caespitosa,tilingii,9,1,1278.63,48.872683,-121.687583,16-Jun,21-Jun,,,,,,,,,,,
BAG,8,H,caespitosa,tilingii,14,11,1278.63,48.872683,-121.687583,16-Jun,21-Jun,,,,,,,,,,,
BAG,9,H,caespitosa,tilingii,13,5,1278.63,48.872683,-121.687583,16-Jun,21-Jun,,,,,,,,,,,
CFC,1,C,guttatus,high,2,8,2775,38.856008,-107.168175,14-Jun,16-Jun,11-Jul,27,106.8,18,,2,5,5,97,100,
CFC,2,C,guttatus,high,1,10,2775,38.856008,-107.168175,,3-Jul,9-Jul,,93.7,38,,2,5,5,97,100,
CFC,3,C,guttatus,high,7,10,2775,38.856008,-107.168175,14-Jun,16-Jun,11-Jul,27,99.9,13,,2,5,5,99,100,
CFC,4,C,guttatus,high,5,6,2775,38.856008,-107.168175,14-Jun,16-Jun,11-Jul,27,93.4,29,,2,5,5,100,100,
CFC,5,C,guttatus,high,8,3,2775,38.856008,-107.168175,,7-Jul,25-Jul,,135.2,20,,2,5,5,92,100,
CFC,6,C,guttatus,high,1,8,2775,38.856008,-107.168175,14-Jun,16-Jun,10-Jul,26,107.6,57,,2,5,5,96,100,
CFC,7,C,guttatus,high,4,10,2775,38.856008,-107.168175,14-Jun,16-Jun,10-Jul,26,78.8,21,,2,5,5,95,100,
CFC,8,C,guttatus,high,5,7,2775,38.856008,-107.168175,14-Jun,16-Jun,11-Jul,27,105.6,16,,2,5,5,97,100,
CFC,9,C,guttatus,high,5,10,2775,38.856008,-107.168175,14-Jun,16-Jun,11-Jul,27,59,15,,2,5,5,96,100,
CFC,1,H,guttatus,high,15,17,2775,38.856008,-107.168175,14-Jun,16-Jun,11-Jul,27,48,25,,2,5,5,85,100,
CFC,2,H,guttatus,high,15,6,2775,38.856008,-107.168175,14-Jun,16-Jun,13-Jul,29,111.5,19,,2,4,5,92,100,
CFC,3,H,guttatus,high,13,17,2775,38.856008,-107.168175,14-Jun,16-Jun,14-Jul,30,93,12,,2,3,5,96,100,
CFC,4,H,guttatus,high,13,8,2775,38.856008,-107.168175,14-Jun,16-Jun,12-Jul,28,125.9,26,,2,3,5,90,100,
CFC,5,H,guttatus,high,10,5,2775,38.856008,-107.168175,14-Jun,16-Jun,13-Jul,29,67.8,11,,2,4,5,88,100,
CFC,6,H,guttatus,high,14,6,2775,38.856008,-107.168175,14-Jun,16-Jun,12-Jul,28,85.2,28,,2,4,5,89,100,
CFC,7,H,guttatus,high,15,15,2775,38.856008,-107.168175,14-Jun,16-Jun,24-Jul,40,153.2,26,,2,3,5,50,100,
CFC,8,H,guttatus,high,14,5,2775,38.856008,-107.168175,14-Jun,16-Jun,19-Jul,35,101.5,11,,2,5,5,87,100,
CFC,9,H,guttatus,high,13,11,2775,38.856008,-107.168175,14-Jun,16-Jun,13-Jul,29,112.4,16,,2,5,5,93,100,
CWC,1,C,tilingii,tilingii,2,14,2783.5,37.590733,-118.99104,13-Jun,21-Jun,,,,,,,,,,,
CWC,2,C,tilingii,tilingii,4,1,2783.5,37.590733,-118.99104,14-Jun,21-Jun,31-Jul,47,54.2,4,,2,5,5,99,100,
CWC,3,C,tilingii,tilingii,2,2,2783.5,37.590733,-118.99104,14-Jun,21-Jun,,,,,,,,,,,
CWC,4,C,tilingii,tilingii,1,17,2783.5,37.590733,-118.99104,14-Jun,21-Jun,10-Aug,57,95.6,4,,2,5,5,86,100,
CWC,5,C,tilingii,tilingii,5,9,2783.5,37.590733,-118.99104,14-Jun,21-Jun,3-Aug,50,55,2,,2,,,56,75,
CWC,6,C,tilingii,tilingii,3,13,2783.5,37.590733,-118.99104,14-Jun,21-Jun,,,,,,,,,,,
CWC,7,C,tilingii,tilingii,7,3,2783.5,37.590733,-118.99104,17-Jun,21-Jun,25-Jul,38,45.2,6,,2,5,5,81,100,
CWC,8,C,tilingii,tilingii,2,6,2783.5,37.590733,-118.99104,17-Jun,21-Jun,,,,,,,,,,,
CWC,9,C,tilingii,tilingii,4,13,2783.5,37.590733,-118.99104,17-Jun,21-Jun,25-Jul,38,42.3,3,,,,,,,
CWC,1,H,tilingii,tilingii,9,3,2783.5,37.590733,-118.99104,17-Jun,21-Jun,,,,,,,,,,,
CWC,2,H,tilingii,tilingii,15,4,2783.5,37.590733,-118.99104,18-Jun,21-Jun,,,,,,,,,,,
CWC,3,H,tilingii,tilingii,14,9,2783.5,37.590733,-118.99104,18-Jun,21-Jun,,,,,,,,,,,
CWC,4,H,tilingii,tilingii,12,2,2783.5,37.590733,-118.99104,13-Jun,21-Jun,31-Jul,48,66.2,1,,,,,,,
CWC,5,H,tilingii,tilingii,9,11,2783.5,37.590733,-118.99104,13-Jun,21-Jun,28-Jul,45,48.1,1,,,,,,,
CWC,6,H,tilingii,tilingii,13,9,2783.5,37.590733,-118.99104,18-Jun,21-Jun,,,,,,,,,,,
CWC,7,H,tilingii,tilingii,13,6,2783.5,37.590733,-118.99104,18-Jun,21-Jun,,,,,,,,,,,
CWC,8,H,tilingii,tilingii,10,13,2783.5,37.590733,-118.99104,14-Jun,21-Jun,26-Jul,44,51.8,1,,,,,,,
CWC,9,H,tilingii,tilingii,14,3,2783.5,37.590733,-118.99104,14-Jun,21-Jun,26-Jul,44,74.8,1,,,,,,,
DWF,1,C,guttatus,low,1,13,10,36.320614,-117.521642,13-Jun,16-Jun,24-Jul,43,309.7,37,,2,5,5,99,100,
DWF,2,C,guttatus,low,7,5,10,36.320614,-117.521642,13-Jun,16-Jun,25-Jul,44,281.2,24,,2,5,5,95,100,
DWF,3,C,guttatus,low,5,1,10,36.320614,-117.521642,13-Jun,16-Jun,26-Jul,45,222.1,56,,2,5,5,74,100,
DWF,4,C,guttatus,low,8,16,10,36.320614,-117.521642,13-Jun,16-Jun,24-Jul,43,454.4,59,,2,5,5,88,100,
DWF,5,C,guttatus,low,5,8,10,36.320614,-117.521642,13-Jun,16-Jun,23-Jul,42,411.6,53,,2,5,5,96,100,
DWF,6,C,guttatus,low,8,10,10,36.320614,-117.521642,13-Jun,16-Jun,25-Jul,44,263.5,34,,2,5,5,91,100,
DWF,7,C,guttatus,low,8,11,10,36.320614,-117.521642,13-Jun,16-Jun,22-Jul,41,412.7,31,,2,4,5,94,100,
DWF,8,C,guttatus,low,2,7,10,36.320614,-117.521642,13-Jun,16-Jun,23-Jul,42,305.4,47,,2,5,5,54,100,
DWF,9,C,guttatus,low,2,13,10,36.320614,-117.521642,13-Jun,16-Jun,24-Jul,43,287.8,56,,2,5,5,96,100,
DWF,1,H,guttatus,low,14,2,10,36.320614,-117.521642,13-Jun,16-Jun,19-Jul,38,272.4,65,,2,5,5,63,100,
DWF,2,H,guttatus,low,15,14,10,36.320614,-117.521642,13-Jun,16-Jun,15-Jul,32,332.5,61,,2,5,5,89,100,
DWF,3,H,guttatus,low,14,14,10,36.320614,-117.521642,13-Jun,16-Jun,21-Jul,40,223.2,56,,2,5,5,41,100,
DWF,4,H,guttatus,low,12,6,10,36.320614,-117.521642,,3-Jul,7-Aug,,219.9,25,,2,5,5,98,100,
DWF,5,H,guttatus,low,16,9,10,36.320614,-117.521642,13-Jun,16-Jun,14-Jul,31,252.7,26,,2,5,5,51,100,
DWF,6,H,guttatus,low,12,5,10,36.320614,-117.521642,13-Jun,17-Jun,28-Jul,45,231.5,44,,2,4,5,70,100,
DWF,7,H,guttatus,low,10,15,10,36.320614,-117.521642,13-Jun,18-Jun,21-Jul,40,268.5,20,,2,5,5,96,100,
DWF,8,H,guttatus,low,16,16,10,36.320614,-117.521642,14-Jun,19-Jun,16-Jul,32,251.9,31,,2,5,5,96,100,
DWF,9,H,guttatus,low,10,11,10,36.320614,-117.521642,13-Jun,20-Jun,19-Jul,38,259.1,49,,2,4,5,50,100,
GCR,1,C,guttatus,low,3,16,1402.08,39.493006,-106.840435,,3-Jul,1-Aug,,194.2,9,,1,5,5,98,100,
GCR,2,C,guttatus,low,2,17,1402.08,39.493006,-106.840435,,3-Jul,1-Aug,,115,7,,1,4,5,97,100,
GCR,3,C,guttatus,low,6,16,1402.08,39.493006,-106.840435,14-Jun,20-Jun,29-Jul,47,160.4,9,,2,5,5,97,100,
GCR,4,C,guttatus,low,2,10,1402.08,39.493006,-106.840435,14-Jun,21-Jun,8-Aug,57,137.2,5,,,4,5,,,
GCR,5,C,guttatus,low,3,11,1402.08,39.493006,-106.840435,14-Jun,22-Jun,23-Jul,41,214.3,15,,2,4,5,97,100,
GCR,6,C,guttatus,low,3,12,1402.08,39.493006,-106.840435,13-Jun,23-Jun,19-Jul,38,133.4,20,,2,5,5,20,25,
GCR,7,C,guttatus,low,1,3,1402.08,39.493006,-106.840435,,3-Jul,28-Jul,,162.2,9,,2,5,5,95,100,
GCR,8,C,guttatus,low,4,6,1402.08,39.493006,-106.840435,,3-Jul,3-Aug,,106.1,6,,1,4,5,98,100,
GCR,9,C,guttatus,low,4,7,1402.08,39.493006,-106.840435,13-Jun,20-Jun,26-Jul,45,224.5,26,,2,4,5,97,100,
GCR,1,H,guttatus,low,10,6,1402.08,39.493006,-106.840435,13-Jun,20-Jun,31-Jul,50,118.4,4,,1,,,97,100,
GCR,2,H,guttatus,low,12,4,1402.08,39.493006,-106.840435,13-Jun,20-Jun,,,,17,,2,2,5,97,100,
GCR,3,H,guttatus,low,13,16,1402.08,39.493006,-106.840435,13-Jun,20-Jun,29-Jul,48,142.6,7,,1,,,86,100,
GCR,4,H,guttatus,low,9,10,1402.08,39.493006,-106.840435,13-Jun,20-Jun,26-Jul,45,143.5,4,,,4,4,,,
GCR,5,H,guttatus,low,10,2,1402.08,39.493006,-106.840435,14-Jun,20-Jun,22-Jul,40,174.3,10,,2,3,5,65,100,
GCR,6,H,guttatus,low,12,1,1402.08,39.493006,-106.840435,13-Jun,20-Jun,26-Jul,45,227.1,16,,2,5,5,91,100,
GCR,7,H,guttatus,low,10,9,1402.08,39.493006,-106.840435,,3-Jul,30-Jul,,165.6,8,,1,5,5,95,100,
GCR,8,H,guttatus,low,16,11,1402.08,39.493006,-106.840435,13-Jun,20-Jun,30-Jul,49,147.6,2,,,,,,,
GCR,9,H,guttatus,low,16,4,1402.08,39.493006,-106.840435,13-Jun,20-Jun,26-Jul,45,122.2,1,,,,,,,
GJR,1,C,guttatus,high,1,7,2781.5,39.480002,-106.788239,,3-Jul,22-Jul,,131.5,13,,2,5,5,96,100,
GJR,2,C,guttatus,high,6,5,2781.5,39.480002,-106.788239,13-Jun,15-Jun,10-Jul,27,86.1,9,,2,5,5,96,100,
GJR,3,C,guttatus,high,4,15,2781.5,39.480002,-106.788239,13-Jun,15-Jun,15-Jul,32,123.8,17,,2,5,5,97,100,
GJR,4,C,guttatus,high,7,12,2781.5,39.480002,-106.788239,13-Jun,15-Jun,8-Jul,25,91.1,10,,2,5,5,46,48,
GJR,5,C,guttatus,high,3,4,2781.5,39.480002,-106.788239,13-Jun,15-Jun,7-Jul,24,50.9,18,,2,5,5,94,100,
GJR,6,C,guttatus,high,1,6,2781.5,39.480002,-106.788239,13-Jun,15-Jun,13-Jul,30,94.1,5,,2,5,5,99,100,
GJR,7,C,guttatus,high,4,11,2781.5,39.480002,-106.788239,13-Jun,15-Jun,11-Jul,28,81.5,12,,2,5,5,44,44,
GJR,8,C,guttatus,high,2,16,2781.5,39.480002,-106.788239,13-Jun,15-Jun,13-Jul,30,81.3,12,,2,5,5,99,100,
GJR,9,C,guttatus,high,3,6,2781.5,39.480002,-106.788239,13-Jun,15-Jun,10-Jul,27,102.2,39,,2,5,5,98,100,
GJR,1,H,guttatus,high,11,14,2781.5,39.480002,-106.788239,13-Jun,15-Jun,12-Jul,29,105.4,30,,2,2,5,91,100,
GJR,2,H,guttatus,high,14,17,2781.5,39.480002,-106.788239,13-Jun,15-Jun,15-Jul,32,122.2,17,,2,1,5,70,83,
GJR,3,H,guttatus,high,9,6,2781.5,39.480002,-106.788239,13-Jun,15-Jun,19-Jul,36,165.4,35,,2,3,5,80,100,
GJR,4,H,guttatus,high,13,7,2781.5,39.480002,-106.788239,13-Jun,15-Jun,17-Jul,34,92.3,11,,2,1,5,72,100,
GJR,5,H,guttatus,high,11,10,2781.5,39.480002,-106.788239,13-Jun,15-Jun,25-Jul,42,190.2,13,,2,5,5,85,100,
GJR,6,H,guttatus,high,10,1,2781.5,39.480002,-106.788239,13-Jun,15-Jun,14-Jul,31,102.3,30,,2,3,5,86,100,
GJR,7,H,guttatus,high,10,14,2781.5,39.480002,-106.788239,13-Jun,15-Jun,19-Jul,36,173.6,23,,2,4,5,72,100,
GJR,8,H,guttatus,high,11,7,2781.5,39.480002,-106.788239,13-Jun,15-Jun,23-Jul,40,131.3,16,,2,5,5,77,100,
GJR,9,H,guttatus,high,16,3,2781.5,39.480002,-106.788239,13-Jun,15-Jun,15-Jul,32,143.9,24,,2,1,5,85,100,
NOC,1,C,guttatus,low,2,1,1462.2,36.84194,-118.261097,13-Jun,16-Jun,19-Aug,36,325.2,12,,2,5,5,92,100,
NOC,2,C,guttatus,low,3,2,1462.2,36.84194,-118.261097,13-Jun,16-Jun,,,,,,,,,,,
NOC,3,C,guttatus,low,7,1,1462.2,36.84194,-118.261097,13-Jun,16-Jun,,,,,,,,,,,
NOC,4,C,guttatus,low,1,5,1462.2,36.84194,-118.261097,13-Jun,16-Jun,28-Jul,47,157.8,9,,2,5,5,93,100,
NOC,5,C,guttatus,low,3,15,1462.2,36.84194,-118.261097,13-Jun,16-Jun,,,,,,,,,,,
NOC,6,C,guttatus,low,4,16,1462.2,36.84194,-118.261097,13-Jun,16-Jun,,,,,,,,,,,
NOC,7,C,guttatus,low,2,9,1462.2,36.84194,-118.261097,13-Jun,16-Jun,12-Aug,60,368.4,12,,2,5,5,95,100,
NOC,8,C,guttatus,low,7,13,1462.2,36.84194,-118.261097,13-Jun,16-Jun,7-Sep,,226.3,,,2,,,95,100,
NOC,9,C,guttatus,low,5,3,1462.2,36.84194,-118.261097,13-Jun,16-Jun,,,,,,,,,,,
NOC,1,H,guttatus,low,10,8,1462.2,36.84194,-118.261097,13-Jun,16-Jun,,,,,,,,,,,
NOC,2,H,guttatus,low,11,2,1462.2,36.84194,-118.261097,13-Jun,16-Jun,4-Aug,52,317.2,15,,2,5,5,12,100,
NOC,3,H,guttatus,low,13,3,1462.2,36.84194,-118.261097,13-Jun,16-Jun,,,,,,,,,,,
NOC,4,H,guttatus,low,11,12,1462.2,36.84194,-118.261097,13-Jun,16-Jun,,,,,,,,,,,
NOC,5,H,guttatus,low,10,16,1462.2,36.84194,-118.261097,13-Jun,16-Jun,8-Aug,56,176.2,10,,2,5,5,72,100,
NOC,6,H,guttatus,low,15,1,1462.2,36.84194,-118.261097,13-Jun,16-Jun,1-Aug,49,281.9,25,,2,3,5,13,100,
NOC,7,H,guttatus,low,13,15,1462.2,36.84194,-118.261097,13-Jun,16-Jun,,,,,,,,,,,
NOC,8,H,guttatus,low,9,14,1462.2,36.84194,-118.261097,13-Jun,16-Jun,,,,,,,,,,,
NOC,9,H,guttatus,low,10,12,1462.2,36.84194,-118.261097,13-Jun,16-Jun,,,,,,,,,,,
NOL,1,C,guttatus,high,3,8,2981,37.228528,-118.636716,14-Jun,21-Jun,,,,,,,,,,,
NOL,2,C,guttatus,high,6,14,2981,37.228528,-118.636716,15-Jun,21-Jun,3-Aug,47,441,9,,2,4,5,91,100,
NOL,3,C,guttatus,high,1,12,2981,37.228528,-118.636716,15-Jun,21-Jun,,,,,,,,,,,
NOL,4,C,guttatus,high,6,9,2981,37.228528,-118.636716,,,,,,,,,,,,,
NOL,5,C,guttatus,high,1,16,2981,37.228528,-118.636716,,,,,,,,,,,,,
NOL,6,C,guttatus,high,6,1,2981,37.228528,-118.636716,,,,,,,,,,,,,
NOL,7,C,guttatus,high,7,6,2981,37.228528,-118.636716,,,11-Jul,,355.2,3,,2,4,5,81,100,
NOL,8,C,guttatus,high,7,15,2981,37.228528,-118.636716,,,,,,,,,,,,,
NOL,9,C,guttatus,high,6,12,2981,37.228528,-118.636716,,,,,,,,,,,,,
NOL,1,H,guttatus,high,11,9,2981,37.228528,-118.636716,14-Jun,21-Jun,31-Jul,47,283,4,,,0,4,,,
NOL,2,H,guttatus,high,13,1,2981,37.228528,-118.636716,14-Jun,21-Jun,21-Jul,37,81.3,,,,,,,,
NOL,3,H,guttatus,high,11,8,2981,37.228528,-118.636716,17-Jun,21-Jun,2-Aug,46,371.9,8,,1,3,5,20,22,
NOL,4,H,guttatus,high,15,8,2981,37.228528,-118.636716,18-Jun,21-Jun,,,,,,,,,,,
NOL,5,H,guttatus,high,15,3,2981,37.228528,-118.636716,,,,,,,,,,,,,
NOL,6,H,guttatus,high,14,13,2981,37.228528,-118.636716,,,,,,,,,,,,,
NOL,7,H,guttatus,high,16,2,2981,37.228528,-118.636716,,,,,,,,,,,,,
NOL,8,H,guttatus,high,13,2,2981,37.228528,-118.636716,,,2-Aug,,306.5,1,,,,,,,
NOL,9,H,guttatus,high,11,11,2981,37.228528,-118.636716,,,,,,,,,,,,,
NOR,1,C,minor,tilingii,5,2,3352,39.0246,-107.0685,14-Jun,16-Jun,20-Jul,36,64.2,6,,,,,,,Elevation estimated
NOR,2,C,minor,tilingii,8,8,3352,39.0246,-107.0685,14-Jun,16-Jun,21-Jul,37,86.2,5,,1,5,5,73,76,Elevation estimated
NOR,3,C,minor,tilingii,6,2,3352,39.0246,-107.0685,14-Jun,16-Jun,17-Jul,33,67.5,5,,2,5,5,96,100,Elevation estimated
NOR,4,C,minor,tilingii,3,10,3352,39.0246,-107.0685,14-Jun,3-Jul,23-Jul,39,96.2,7,,2,5,5,97,100,Elevation estimated
NOR,5,C,minor,tilingii,6,15,3352,39.0246,-107.0685,14-Jun,16-Jun,26-Jul,42,70.8,6,,2,5,5,97,100,Elevation estimated
NOR,6,C,minor,tilingii,1,15,3352,39.0246,-107.0685,14-Jun,16-Jun,3-Aug,50,112,4,,1,,,95,100,Elevation estimated
NOR,7,C,minor,tilingii,5,4,3352,39.0246,-107.0685,14-Jun,16-Jun,25-Jul,41,80.4,6,,2,,,,,Elevation estimated
NOR,8,C,minor,tilingii,8,14,3352,39.0246,-107.0685,14-Jun,16-Jun,27-Jul,43,101.1,1,,,,,,,Elevation estimated
NOR,9,C,minor,tilingii,5,17,3352,39.0246,-107.0685,14-Jun,16-Jun,18-Jul,34,64.7,10,,2,5,5,93,100,Elevation estimated
NOR,1,H,minor,tilingii,14,15,3352,39.0246,-107.0685,14-Jun,16-Jun,18-Jul,34,65.1,2,,,,,,,Elevation estimated
NOR,2,H,minor,tilingii,16,7,3352,39.0246,-107.0685,14-Jun,16-Jun,18-Jul,34,43.1,1,,,,,,,Elevation estimated
NOR,3,H,minor,tilingii,16,13,3352,39.0246,-107.0685,14-Jun,16-Jun,17-Jul,33,95.2,4,,,,,,,Elevation estimated
NOR,4,H,minor,tilingii,12,11,3352,39.0246,-107.0685,14-Jun,16-Jun,17-Jul,33,76.4,5,,,,,,,Elevation estimated
NOR,5,H,minor,tilingii,13,4,3352,39.0246,-107.0685,14-Jun,16-Jun,25-Jul,41,79.3,3,,,,,,,Elevation estimated
NOR,6,H,minor,tilingii,9,8,3352,39.0246,-107.0685,14-Jun,16-Jun,19-Jul,35,73.1,5,,,2,3,,,Elevation estimated
NOR,7,H,minor,tilingii,13,12,3352,39.0246,-107.0685,14-Jun,16-Jun,20-Jul,36,155.3,6,,,0,5,,,Elevation estimated
NOR,8,H,minor,tilingii,12,12,3352,39.0246,-107.0685,14-Jun,16-Jun,19-Jul,35,78.9,4,,,,,,,Elevation estimated
NOR,9,H,minor,tilingii,11,13,3352,39.0246,-107.0685,14-Jun,16-Jun,,,,,,,,,,,Elevation estimated
OBJ,1,C,minor,tilingii,8,15,2739,38.912505,-107.032161,14-Jun,16-Jun,21-Jul,37,145.7,23,,2,5,5,98,100,
OBJ,2,C,minor,tilingii,7,2,2739,38.912505,-107.032161,14-Jun,16-Jun,13-Jul,29,97.9,19,,2,5,5,90,100,
OBJ,3,C,minor,tilingii,8,5,2739,38.912505,-107.032161,14-Jun,16-Jun,24-Jul,40,188.9,22,,2,5,5,97,100,
OBJ,4,C,minor,tilingii,2,3,2739,38.912505,-107.032161,14-Jun,16-Jun,14-Jul,30,89.8,21,,2,5,5,97,100,
OBJ,5,C,minor,tilingii,3,7,2739,38.912505,-107.032161,14-Jun,16-Jun,13-Jul,29,89.2,19,,2,5,5,67,70,
OBJ,6,C,minor,tilingii,5,16,2739,38.912505,-107.032161,14-Jun,3-Jul,30-Jul,46,125.4,9,,2,5,5,91,100,
OBJ,7,C,minor,tilingii,1,2,2739,38.912505,-107.032161,14-Jun,16-Jun,16-Jul,32,83.2,20,,2,5,5,98,100,
OBJ,8,C,minor,tilingii,8,1,2739,38.912505,-107.032161,14-Jun,16-Jun,23-Jul,39,112.3,39,,2,4,5,99,100,
OBJ,9,C,minor,tilingii,5,13,2739,38.912505,-107.032161,14-Jun,16-Jun,25-Jul,41,132.9,10,,2,5,5,78,80,
OBJ,1,H,minor,tilingii,16,5,2739,38.912505,-107.032161,14-Jun,16-Jun,13-Jul,29,79.2,12,,2,2,5,62,100,
OBJ,2,H,minor,tilingii,9,4,2739,38.912505,-107.032161,14-Jun,16-Jun,17-Jul,34,115.5,18,,2,0,5,91,100,
OBJ,3,H,minor,tilingii,14,16,2739,38.912505,-107.032161,14-Jun,16-Jun,12-Jul,28,54.2,14,,2,3,5,92,100,
OBJ,4,H,minor,tilingii,11,15,2739,38.912505,-107.032161,14-Jun,16-Jun,15-Jul,31,87.5,12,,2,4,5,70,100,
OBJ,5,H,minor,tilingii,16,17,2739,38.912505,-107.032161,14-Jun,16-Jun,12-Jul,28,91.3,17,,2,3,5,77,100,
OBJ,6,H,minor,tilingii,14,4,2739,38.912505,-107.032161,14-Jun,16-Jun,12-Jul,28,69.2,28,,2,1,5,72,100,
OBJ,7,H,minor,tilingii,13,13,2739,38.912505,-107.032161,14-Jun,16-Jun,14-Jul,30,109.8,17,,2,2,5,68,100,
OBJ,8,H,minor,tilingii,16,12,2739,38.912505,-107.032161,14-Jun,16-Jun,13-Jul,29,81.1,12,,2,0,5,48,100,
OBJ,9,H,minor,tilingii,11,3,2739,38.912505,-107.032161,14-Jun,16-Jun,21-Jul,37,86.7,10,,2,3,5,84,100,
SMO,1,C,guttatus,low,4,9,484,38.32332,-122.5905,13-Jun,15-Jun,13-Jul,29,167.9,22,,2,5,5,51,100,
SMO,2,C,guttatus,low,1,14,484,38.32332,-122.5905,13-Jun,15-Jun,12-Jul,29,136.9,32,,2,4,5,53,100,
SMO,3,C,guttatus,low,2,15,484,38.32332,-122.5905,13-Jun,15-Jun,13-Jul,30,126.5,27,,2,5,5,7,41,
SMO,4,C,guttatus,low,6,4,484,38.32332,-122.5905,13-Jun,15-Jun,15-Jul,32,233,31,,2,3,5,27,73,
SMO,5,C,guttatus,low,6,10,484,38.32332,-122.5905,13-Jun,15-Jun,,,221.1,23,,2,5,5,26,81,
SMO,6,C,guttatus,low,3,5,484,38.32332,-122.5905,13-Jun,15-Jun,17-Jul,34,157.9,24,,2,4,5,6,100,
SMO,7,C,guttatus,low,1,4,484,38.32332,-122.5905,13-Jun,15-Jun,22-Jul,39,279.2,31,,2,5,5,38,100,
SMO,8,C,guttatus,low,8,13,484,38.32332,-122.5905,13-Jun,15-Jun,17-Jul,34,185.3,25,,2,3,5,6,52,
SMO,9,C,guttatus,low,6,13,484,38.32332,-122.5905,13-Jun,15-Jun,13-Jul,30,197,27,,2,5,5,52,100,
SMO,1,H,guttatus,low,10,17,484,38.32332,-122.5905,13-Jun,15-Jun,15-Jul,32,150.2,25,,2,1,5,0,5,
SMO,2,H,guttatus,low,13,14,484,38.32332,-122.5905,13-Jun,15-Jun,16-Jul,33,250.4,26,,2,2,5,2,100,
SMO,3,H,guttatus,low,11,17,484,38.32332,-122.5905,13-Jun,15-Jun,13-Jul,30,125,34,,2,1,5,20,100,
SMO,4,H,guttatus,low,12,9,484,38.32332,-122.5905,13-Jun,15-Jun,15-Jul,32,208.5,36,,2,1,5,2,100,
SMO,5,H,guttatus,low,9,17,484,38.32332,-122.5905,13-Jun,15-Jun,13-Jul,30,114.3,30,,2,1,5,2,29,
SMO,6,H,guttatus,low,11,1,484,38.32332,-122.5905,13-Jun,15-Jun,11-Jul,28,123.2,41,,2,2,5,0,100,
SMO,7,H,guttatus,low,14,10,484,38.32332,-122.5905,13-Jun,15-Jun,14-Jul,31,186,44,,2,0,5,18,100,
SMO,8,H,guttatus,low,13,10,484,38.32332,-122.5905,13-Jun,15-Jun,14-Jul,31,188.8,34,,2,1,5,7,100,
SMO,9,H,guttatus,low,11,5,484,38.32332,-122.5905,13-Jun,15-Jun,13-Jul,30,187,50,,2,0,5,5,100,
SON,1,C,tilingii,tilingii,4,8,2944,38.328125,-119.637201,14-Jun,16-Jun,19-Jul,35,42.3,18,,2,4,5,60,100,
SON,2,C,tilingii,tilingii,4,4,2944,38.328125,-119.637201,14-Jun,16-Jun,24-Jul,40,77.5,29,,2,5,5,85,100,
SON,3,C,tilingii,tilingii,5,12,2944,38.328125,-119.637201,14-Jun,16-Jun,18-Jul,34,39.6,11,,2,3,5,88,100,
SON,4,C,tilingii,tilingii,5,11,2944,38.328125,-119.637201,14-Jun,16-Jun,3-Aug,50,132.7,5,,2,3,5,83,100,
SON,5,C,tilingii,tilingii,5,15,2944,38.328125,-119.637201,14-Jun,16-Jun,15-Jul,31,38.2,13,,2,4,5,97,100,
SON,6,C,tilingii,tilingii,3,9,2944,38.328125,-119.637201,14-Jun,16-Jun,24-Jul,40,107.4,3,,,,,,,
SON,7,C,tilingii,tilingii,4,14,2944,38.328125,-119.637201,14-Jun,16-Jun,25-Jul,41,54.7,8,,2,4,5,83,100,
SON,8,C,tilingii,tilingii,7,9,2944,38.328125,-119.637201,14-Jun,16-Jun,24-Jul,40,69.5,7,,2,5,5,87,100,
SON,9,C,tilingii,tilingii,4,2,2944,38.328125,-119.637201,14-Jun,16-Jun,19-Jul,35,31.4,9,,2,5,5,90,100,
SON,1,H,tilingii,tilingii,9,9,2944,38.328125,-119.637201,14-Jun,3-Jul,24-Aug,71,177.9,,,2,4,5,84,100,
SON,2,H,tilingii,tilingii,9,2,2944,38.328125,-119.637201,14-Jun,16-Jun,13-Aug,60,117.5,13,,2,4,5,60,100,
SON,3,H,tilingii,tilingii,15,16,2944,38.328125,-119.637201,14-Jun,16-Jun,,,,,,,,,,,
SON,4,H,tilingii,tilingii,14,7,2944,38.328125,-119.637201,14-Jun,16-Jun,18-Jul,34,56.2,6,,2,0,5,75,100,
SON,5,H,tilingii,tilingii,10,4,2944,38.328125,-119.637201,14-Jun,16-Jun,18-Aug,65,115.6,12,,,,,,,
SON,6,H,tilingii,tilingii,11,16,2944,38.328125,-119.637201,14-Jun,16-Jun,28-Jul,44,59.7,1,,,,,,,
SON,7,H,tilingii,tilingii,9,5,2944,38.328125,-119.637201,14-Jun,16-Jun,25-Jul,41,46.7,4,,2,4,5,42,95,
SON,8,H,tilingii,tilingii,12,16,2944,38.328125,-119.637201,14-Jun,16-Jun,17-Jul,33,51.2,6,,2,0,5,8,26,
SON,9,H,tilingii,tilingii,15,10,2944,38.328125,-119.637201,14-Jun,16-Jun,25-Jul,41,105.2,1,,,,,,,
WGL,1,C,guttatus,high,4,5,3161,38.966452,-107.041388,,3-Jul,9-Aug,,131.1,3,,,,,,,
WGL,2,C,guttatus,high,2,12,3161,38.966452,-107.041388,13-Jun,16-Jun,23-Jul,40,223.2,12,,2,5,5,95,100,
WGL,3,C,guttatus,high,7,17,3161,38.966452,-107.041388,13-Jun,3-Jul,16-Jul,33,167.2,5,,2,4,5,87,100,
WGL,4,C,guttatus,high,3,17,3161,38.966452,-107.041388,13-Jun,16-Jun,19-Jul,36,161.9,30,,2,4,5,86,100,
WGL,5,C,guttatus,high,7,7,3161,38.966452,-107.041388,,3-Jul,25-Jul,,93.4,6,,2,5,5,89,100,
WGL,6,C,guttatus,high,8,7,3161,38.966452,-107.041388,13-Jun,16-Jun,13-Jul,30,168.9,27,,2,5,5,94,100,
WGL,7,C,guttatus,high,5,5,3161,38.966452,-107.041388,13-Jun,16-Jun,15-Jul,32,136.5,19,,2,5,5,98,100,
WGL,8,C,guttatus,high,7,4,3161,38.966452,-107.041388,13-Jun,16-Jun,18-Jul,35,111.1,9,,2,5,5,91,100,
WGL,9,C,guttatus,high,5,14,3161,38.966452,-107.041388,14-Jun,16-Jun,15-Jul,31,128.5,18,,2,5,5,59,100,
WGL,1,H,guttatus,high,9,13,3161,38.966452,-107.041388,18-Jun,16-Jun,14-Jul,26,101.1,19,,2,3,5,36,100,
WGL,2,H,guttatus,high,15,13,3161,38.966452,-107.041388,,3-Jul,,,,,,,,,,,
WGL,3,H,guttatus,high,16,14,3161,38.966452,-107.041388,14-Jun,16-Jun,13-Jul,29,85.4,10,,2,3,5,76,100,
WGL,4,H,guttatus,high,9,15,3161,38.966452,-107.041388,,3-Jul,30-Jul,,147.2,4,,,2,4,,,
WGL,5,H,guttatus,high,14,1,3161,38.966452,-107.041388,14-Jun,16-Jun,23-Jul,39,165.4,13,,2,0,5,4,100,
WGL,6,H,guttatus,high,12,8,3161,38.966452,-107.041388,14-Jun,16-Jun,21-Jul,37,153.2,18,,2,1,5,25,100,
WGL,7,H,guttatus,high,16,15,3161,38.966452,-107.041388,14-Jun,16-Jun,23-Jul,39,143.2,8,,2,1,5,80,100,
WGL,8,H,guttatus,high,16,8,3161,38.966452,-107.041388,14-Jun,16-Jun,23-Jul,39,151.7,8,,2,1,5,19,100,
WGL,9,H,guttatus,high,9,7,3161,38.966452,-107.041388,14-Jun,16-Jun,14-Jul,30,93.4,9,,2,0,5,46,100,
YUL,1,C,guttatus,high,7,14,3574,39.00027,-107.10037,13-Jun,16-Jun,28-Jul,45,396.2,18,,2,5,5,36,100,
YUL,2,C,guttatus,high,8,9,3574,39.00027,-107.10037,13-Jun,16-Jun,31-Jul,48,414.3,14,,2,5,5,72,100,
YUL,3,C,guttatus,high,6,3,3574,39.00027,-107.10037,13-Jun,16-Jun,1-Aug,49,382,20,,2,5,5,64,100,
YUL,4,C,guttatus,high,3,14,3574,39.00027,-107.10037,13-Jun,16-Jun,5-Aug,53,353.1,9,,2,5,5,43,100,
YUL,5,C,guttatus,high,4,12,3574,39.00027,-107.10037,13-Jun,16-Jun,25-Jul,42,305.6,21,,2,5,5,56,100,
YUL,6,C,guttatus,high,6,11,3574,39.00027,-107.10037,13-Jun,16-Jun,26-Jul,43,339.2,13,,2,5,5,68,100,
YUL,7,C,guttatus,high,6,17,3574,39.00027,-107.10037,13-Jun,16-Jun,3-Aug,51,420.1,12,,2,5,5,42,100,
YUL,8,C,guttatus,high,3,3,3574,39.00027,-107.10037,13-Jun,16-Jun,27-Jul,44,351.3,41,,2,5,5,65,100,
YUL,9,C,guttatus,high,7,8,3574,39.00027,-107.10037,13-Jun,16-Jun,28-Jul,45,375.2,13,,2,5,5,70,100,
YUL,1,H,guttatus,high,11,4,3574,39.00027,-107.10037,13-Jun,16-Jun,31-Jul,48,314.9,26,,2,4,5,19,100,
YUL,2,H,guttatus,high,11,6,3574,39.00027,-107.10037,13-Jun,16-Jun,28-Jul,45,274.9,44,,2,5,5,40,100,
YUL,3,H,guttatus,high,10,7,3574,39.00027,-107.10037,13-Jun,16-Jun,25-Jul,42,287.2,45,,2,5,5,14,100,
YUL,4,H,guttatus,high,9,16,3574,39.00027,-107.10037,13-Jun,16-Jun,25-Jul,42,259.3,28,,2,5,5,15,100,
YUL,5,H,guttatus,high,12,10,3574,39.00027,-107.10037,13-Jun,16-Jun,27-Jul,44,380.9,52,,2,5,5,36,100,
YUL,6,H,guttatus,high,16,6,3574,39.00027,-107.10037,13-Jun,16-Jun,29-Jul,46,366,26,,2,4,5,20,100,
YUL,7,H,guttatus,high,15,12,3574,39.00027,-107.10037,13-Jun,16-Jun,27-Jul,44,372.2,57,,2,5,5,1,100,
YUL,8,H,guttatus,high,12,14,3574,39.00027,-107.10037,13-Jun,16-Jun,28-Jul,45,321.3,65,,2,4,5,41,100,
YUL,9,H,guttatus,high,12,7,3574,39.00027,-107.10037,13-Jun,16-Jun,2-Aug,50,361.3,27,,2,5,5,31,100,
